{"actual_bit_error_rate": 0.303800, "actual_bit_errors": 3038, "algorithm_name": "original", "ask_parity_bits": 1397840, "ask_parity_blocks": 17473, "ask_parity_messages": 35, "biconf_iterations": 0, "elapsed_process_time": 0.137336, "elapsed_real_time": 1.685270, "execution_time": "2023-03-21 19:47:57 CET", "infer_parity_blocks": 4248, "key_size": 10000, "normal_iterations": 4, "realistic_efficiency": 145.805256, "reconciliations": 1, "remaining_bit_error_rate": 0.000000, "remaining_bit_errors": 0, "remaining_frame_error_rate": 0.000000, "reply_parity_bits": 17473, "requested_bit_error_rate": 0.600000, "unrealistic_efficiency": 1.799577, "correctKey":  "10101110011100001100000010110100101011000000100110001100110101011000000101111011011001001010001110001010111101101001101100000101110001010111110110110101001110111110001111011000000110110101000101011101000000100010000000111010101100010001000011000111011010101111011110001001011001100000010010110100111110101001110111011001010100010100100001110111110111101000111110010000101010011000111000111110010111100101111000010101110111011010111001001011011101101110101001111011011010010001110010110111100011111010101110001001101000011100011111010001111111100110000011111010010000111011111100110100101001100001011110111110101111001001001101110011100000010010000010111011110110010011011110001001111100010000000111010101010011000111101110011101100011011010000111011100110100110011001100101010101100110011011101000001101000001000101110010110100100101001000101010001001101110110011010100000001100001101001011011100101110101110011100000110110000101010010101010011011110101010000101100100101001110110011001001100101001111011110111100111010000100010000010111000011010101111001011010110010000010101101100011011110110110111101001110000000011001010000010000000011101110111010100010111111000111011000000110111101111000010011010010101000101000101100001011101001101100000000000011101011010100110111011001110001010100011011100011111001100001000011111011100100000001111110000010110110000111110000110011100101011011011011000111100000110000000100010110011001010010000011010111110110011011000010011000101011011111011000011110111011100110011111101101001011011001000011010010010011100001110000001100010000010111011110101101111000001010101110110011010100111010100001101011111110000110011111000101111000111100011001110001100110100110101110111011110001101100010011011111101100100100010001101010101110001011010111010000010111010001111001111100010111110011101010000111110001001100100110111111110100111101010110110010110101001110011110111011110010000011111010111100010010000000010110000101010111101111110111101011100000110101001000110010011101110000011000100001010010000111111111111110010100000101001111100010110010010010111011000101011111101100111111001011010001111100011011110001011110001010010111100110001101100000001001100000000101010100100100111000010011110101011000111110110100101111000101110101001101110010100000010010100110110101110101010000111101111001011000011001000110101111101011100110000000110111010010001111011100010011001010100100100100000000110010010000101000110110111001010011101001000110101110000000010000100010000110010001100111101101110110010000001101011110100011011001001000011000101111001001011100100101101111101111100110101010000001100110100101111110011101001011010101010111001010100000000010100011011000011111100001101011001110010111010101101000111011100111001101111100000011100001110010001111100010000100000001111111101111011010100100110011000111000101110111011111001110111011101110001111001100100000000110001100011110001101111101101101000101100000010001011100100010111000000111001110000101110001001100011001000010010000010010011011111011101000001110001110111010000111011001110010110101111011010111011111010110100110000010101000110001001110001100001101111001001100110111001010011110001001111111001110001110000100111111101110111101000101011110011110001001110000000111101111101110000110101111010111010001111001000000010011010010010000010111011100100011011010111110011011010101010010001110100110101100100011001100110000110010011111010000100101111011001010011001011111110100011100111001011001001101000111011100010110001001100001100011001111100000111111111100001101111100101110100000011101101000100101000100001101001011111010111010011001001111001101010000010010111001111011000110111001000100000111100111010110000001000001101101001101010111101101010001011100110101101001010001100101011010110101010000111000100110111000101111111001110110000101011100110110101100001101100011010111000100111001010110111101100110001110010100000010110000100100110010010111110000110000100010101011011101101111010100101000100101011000101111111100001110011100101100000101000001011000011011110100111000111010000110010100001110001010000010000000100101100001111110110010101101101100101000111110110011011110010101110111011110001010110101000011101010000000110111001101000111101101110111001100010110001101000000111010010100101111100110011100101101010001010100111000100101111011000011011001110110110000011100010100011110110110000010000110011111111101100010100010111001011111010000111011011101111111010101001010110101010011111100011001000110111011100000101011011101100110001100001000101110000110101100101110100000111001001010110010000111010110010100101110011110010010001000101011000001011010001000110100101111111110100001110001101000100010000011011100010001000000110000101101001001000010011110111100001000011011111111100001001101001000001011011010000000100110111100000110100001001100001111110101101101011010110010011111101100000110111011010100110110100010101100001010001000001000010111011111011111111110010110110111101111000101101100001101111011101111101101001100100100001111110111110111001100111110010010000010010111011101110101110101101001001000001110100001111010000110111110101001100001010101000110110101010011000011101010101101101000000111000001110110110101010100011000110111000111110110111000100101111010011000111010000011101010100110101111001110110010100001010110110100111001011000010110001000100000110111010110000001110100111000111011011100000100110111111010100010111110111011110001011101110011010010011010001100110001011100010110001010011001101011110111011010110111100110001010111111101110111110100111011110111111111100111110011011101111010100011001101010100010100010000111001101101011111001010010101000110100001110110001110110000000000110101110001001011000101000110110010011111110010100011110000001010011101101001011000001110101000010011101000011100111110111110100111010011000011100101111010000011110010010100001111010101100010110111111111001010010100110000111001000100010111110100000100001000100011111010011011011110001100100111001110001011010011001010001101001001100110000010001010000010111100010000101010011010011000101000111111010111100001101011000110100011001000111011110001011110010010101101011010011100011111000000111111000000010101001100011100000010000101011111001000100101101011101001000000111001110101001001001101001100111101101111110111101010111010010001010011001001001000111010100101001001010000011000001100100000111101101011111111110111010010000001110101001111100110100101010000011000110001111001000011101100101000111101001000100110110101100110101001010100111011011000111011010000011011111011010101101000110000110010110110100110000010010101011101011011010000111110011001100011001010101000111011011101010100000100110010101100001111010110101001000011110001101010000101100111010100101001001111001011110011101001001111011000000011111010011101100111110100110100000110001101100100111010001010010110101011000011100010001001010011101010100111111011101011100101111011000110111010101001000101000111110011011101001011011001100001010000010011010011011001110101101100000110101000001110000101110001000001110010100000010011110011110110011011110101000010110110101110101011110101010111011010100010100111000101010111001000100110000000011000011011100011111010111011110010000111110010011001000110000111001011101110000001110000010011110010011000110101001101001110100111101101011001010001110