{"actual_bit_error_rate": 0.304688, "actual_bit_errors": 39, "algorithm_name": "original", "ask_parity_bits": 18320, "ask_parity_blocks": 229, "ask_parity_messages": 26, "biconf_iterations": 0, "elapsed_process_time": 0.027943, "elapsed_real_time": 0.841198, "execution_time": "2023-10-30 00:56:29 CET", "infer_parity_blocks": 59, "key_size": 128, "normal_iterations": 4, "realistic_efficiency": 152.339432, "reconciliations": 1, "remaining_bit_error_rate": 0.000000, "remaining_bit_errors": 0, "remaining_frame_error_rate": 0.000000, "reply_parity_bits": 229, "requested_bit_error_rate": 0.600000, "unrealistic_efficiency": 1.842589, "receivedKey": "01100110000100101001011001110111000110110100100000110100110001110000000001110100010011010110000001110000000101010111000011011110" , "correctKey": "10101010101010101010101010101010101010101010101010101010101010101010101010101010101010101010101010101010101010101010101010101010" }