{"actual_bit_error_rate": 0.026000, "actual_bit_errors": 26, "algorithm_name": "original", "ask_parity_bits": 26800, "ask_parity_blocks": 335, "ask_parity_messages": 42, "biconf_iterations": 0, "elapsed_process_time": 0.021588, "elapsed_real_time": 0.490331, "execution_time": "2023-11-08 17:44:38 CET", "infer_parity_blocks": 117, "key_size": 1000, "normal_iterations": 4, "realistic_efficiency": 96.086915, "reconciliations": 1, "remaining_bit_error_rate": 0.000000, "remaining_bit_errors": 0, "remaining_frame_error_rate": 0.000000, "reply_parity_bits": 335, "requested_bit_error_rate": 0.050000, "unrealistic_efficiency": 1.169705, "receivedKey": "0100001111001000101001011110110110100001100110001100110010111011111100011001001000010001011010111001111100001111001111101101000000000110010101101001011011100101111010110101001101010101000100011001011101001100011001011000011000101100100000010110110001010110001110100001110011110100011001111110101000000100101111101111100110010110011111010010001011110000000001001001101011110101000000110100011101101010111010111100100100111101011010011110011100101111100000000010001000010010111011100001111001110001010010010000000001000111110001100111011011100011111100101110110101101100000000000111010001000110001011011010011110001101111111101110001101000101110111001000011100111000110011000010011100110110001000001010100011101000011001100001011100001111100011111110001000001000011111011100011000001011110100001111000011110001010000000111101100101100011011101010011100100111000101000011110110000000110111001100111110010010101000111100010101100011011001000110000100111011110001011011111001110101010100100011101000101111" , "correctKey": "0100001111001001101001011110110110100001100110001100110010111011111101011001000010010001000010111001111100001111001011100101000001000110010101101001001011100101111010110101000101010101000100011000000101001100011001011000011010101100100001010110110001010100001110100001111011110100011001111110101000000100101111101111100110010110011011010011001011110001000101011000101011110101000000110100011101101010111010111100100100111101011010011110111100101101100000000011011000010010111011100001111001110001010010110000000000000111110001100111011011100011111100101110110101101100000000000111010001000110001011011010011110001101111111101100001101000101110110001100011100111000110011000010011000110110001000001010101011101000011001100001011100001111100111111110001100101010011111011100011000001110110100001110100011110001010000000111101100101100011011101010011100100111000101000011111110000000100111001100111110010010101000111100010101100011011001000111000100111011110001011011110001100101010100110011101000101101" }