{"actual_bit_error_rate": 0.297600, "actual_bit_errors": 2976, "algorithm_name": "original", "ask_parity_bits": 1393840, "ask_parity_blocks": 17423, "ask_parity_messages": 30, "biconf_iterations": 0, "elapsed_process_time": 0.158931, "elapsed_real_time": 1.682990, "execution_time": "2023-03-21 17:25:17 CET", "infer_parity_blocks": 4214, "key_size": 10000, "normal_iterations": 4, "realistic_efficiency": 145.388139, "reconciliations": 1, "remaining_bit_error_rate": 0.000000, "remaining_bit_errors": 0, "remaining_frame_error_rate": 0.000000, "reply_parity_bits": 17423, "requested_bit_error_rate": 0.600000, "unrealistic_efficiency": 1.794427, "correctKey":  "10110000001011011010101011111001001000111000011010000001010110001010010101001111110101111100010100111111111000000111011100001100100110000011010110110011111100000011010101000101010100011100010101101000100001100000110001110001001011010010001110110101010100010111100000001010101001111000110001101111101111101110001111110001110000010111100010011111101100001111101110010011100101110101011110100001011111011110100101111110101111001010010100111101010000111100100001000111110000101100010101010000011010100001001100001000000111110001001101101000110110101101001111110100110010011111011001011101011000100001100001110010100010101101101111101100111000100100101111001110111001011000111001000000101000000010000001000100110100001010000101011111110011000010101010101000011111010010011101011100100100011011010001011100000011010100100101100001110100110011011111010111000001100010100000110111101101100000000011000101001011111100000000001100100001100001110011010101011110111010110000010110111001011111010111011110010101100100000110001001111000000010110000001011110100101001111101111100111001001011011010010000101111000001110010110001001000110000101110001011111000110101111000000101101110011011111010111101001111000010001100000110110111001010001010001110100100010101100011111010001110111010011101110010000000010110001001111011010100001000101101000000111101101101100010101111111011100011111111011010000101110111101001101110011101111110001011100110000011111101110000111000000101010110010011000011110011011100001110101100001101011010011000010101000100110110001011100001111101010011110000000010011100010000111100111011110111000111001010001101011101101101110100100100101010110101000010010001111111110101110111101110000100000011000101000011101110111111010111000101101101101101011000101000010100001001100010111100001001011101010111110111101011000001101101011011111011100001011001110101100101010010110110000111100001101010000000100001101100101000111101001011001011100000010011111100101110000100001000011101010100101010100101000100110010000101101110101000111111000111110110111101000100001101011010110100110000001111111100101000010100101100000111010010111000100010001000001001001100111100000101111101111011001101001101000010111100001101000011001110101111011110101010101101010011011111011001001000010011111110000111100101110001011111100101111001100111001110011100100101011011010010010010111011100111110101110011110101100001111011010011010111011111101001101001000111100001010000001110001100001001101010001101111000100100100000111011011111100000110001011000100100010100011110000001010010000010101100011110101110000010110011011010011000011001101111011000011001011000001000111111111111011000101100011001110011111011111111111111101111011000011000111001110101100011000000110011100111100000101111111110110011111000101010010110111100010010100000100111100111110011000110011010000010101100010101010101000101000011010001110110100001110001110100000011011010101110100110100010101011000011001101010000101011011111011110110011001001101100001101011011000011110001001111111011010110100111000011000010001010101000010000110011110111101000000100001101010100110101011011010010010011000010011001101000100000111001100110001000101001111110110110010111011110001001111011111110101101000000111111111100111011011111010100100000000100100000111101000000100111100010110011100101110011011101100101111100011101111010110010010101001110001110010001101100110110011110011101101110111010011010001100101011111111100000001010011010000101001000011110100000101101101100010110010111010100000001110110011000100110010010000101011010101011110011101101011011001111111010111101110010010001011110010111101010100100001001111000110000100111010101011000000010110001011110101101101111001010000000101110111011010010110011011010100110100000110110101110010100101001110111010100010010011000011101110001010010011110010110100010111100101001011100111110010100001000100011011101111100101101001000100110101100110011010011101001101000110110011010001110011001101011101011100010110100010100001000110110100110010101011101101001010111110000001110000001001100101001100100101100101110001001010001110111110110001100011010100110010101011101101010100100111011010000010011011111101110010001101001001101110000111000000000000011111101111101100011111100111001011111111011001000100110010000000001000111100001111011000101110001101011010101001111110100110011001100110000000101010101100000111110001010000011010110010011100110111101100111001100000011001011010101101001011010111010001010101011101100000101001100011110000110100000101011011101011001011101010011101011110100000101101011011100101010110010101100010011110010011011000000111010001001101001110000100111100000001110101000000100011011110100011000001010011111100110001000001101111111110010111101110000001001110001010011110101000111001110110111100111111100111111101110001010111010110011111011000001110010101111000010010100011010010101111011101000111110001001011101110011001101000011001011001011111110010001101111010100111110100111011111001111010111010011000011010111000010011011100000111011011000101011011001101000011001111110110101101001000010111110011101111010001101111000001000100011011010101101100101000001001001101000000101100110111110101100110101110101101011011000011110011111100001100001100011010101011100010000001010000001100011001100110011111101100011101111111101000001000011101001000011101110010010111111110110010110101101110010100101110100100101001110111001111010011010101000000000110101100101110001010010110011111010011110011010110101010011101110010011101011010110101011011000001110000101110001010100011100110110001111101100000111101110001011100111010100010100010010011101000111001001110010011000101010001000111000010111101110000011100110000001010001101101010110100101101000010010101110000111010011111001100001001000011100001011110111110001001000011101000100111111010001100101000110011010101011111111111100101111001010111001100011011110001101100010110001010111011011001000001010111000100110111011100010101110000110100001011110011011001110001010101111000001111011010000010110100111011000001100011100000111011101011010001010001111110101010010100001010110000110001111001000010111110111110001010010111110011100100011010010011000000011001110111101110001000101101110101010100000010010001000100110010010010001001010110010011110011100110011010011010101110111111011010001100001011110011010100001101100110001101010111101110101001100001010100100101001001010111011110110111011111011000000001111101001110000101001110110100010101010110001010111001001110010101000001001001000000100000001100110100000110000000110110001110001101000010000111111100111111000100010010111110111011100111011101101000001010101111111001010000011001011101010111110101000110011111100001000001110111001000101010000110000111010010010100100100000100101101010110000110101111010011101111111101100100010011111111010001010000000001101111111001100100011001001011011110000010000010111100000000000111010010010100101100100000011110101110000101111010011101101101111001001011101010101101101001010101110011000011001100011000111001000100000101010011100001010100111000001101001000011110110000100000100100100011111111011011011010110100111101011101101000100000110001101011000110010100101000101010011010011101111001000100100110101110100000100011100000011101110010110110101101110001101101011010001111001111110110001011001000010000001001011001010100